{
  "created_at": "2026-04-08T10:43:10.535938",
  "scenario": "neutral",
  "model_path": "D:\\ML_Detection_Extension\\prototype1_tower_a\\backend\\artifacts\\model_lr.joblib",
  "n_rows": 44326,
  "label_counts": {
    "0": 44325,
    "1": 1
  },
  "roc_auc": 1.0,
  "pr_auc": 1.0,
  "model_feature_count": 35,
  "benign_score_stats": {
    "mean": 0.9653528791856448,
    "std": 0.015991185641288295,
    "min": 0.8708708216569294,
    "max": 0.9988411295986623,
    "p01": 0.9223177739161684,
    "p05": 0.9370227021649246,
    "p10": 0.9442861751060264,
    "p25": 0.9552505266241429,
    "p50": 0.9667061279193736,
    "p75": 0.9774007186101004,
    "p90": 0.9855239665218446,
    "p95": 0.9883393940621953,
    "p99": 0.9919108624107783
  },
  "phish_score_stats": {
    "mean": 1.0,
    "std": 0.0,
    "min": 1.0,
    "max": 1.0,
    "p01": 1.0,
    "p05": 1.0,
    "p10": 1.0,
    "p25": 1.0,
    "p50": 1.0,
    "p75": 1.0,
    "p90": 1.0,
    "p95": 1.0,
    "p99": 1.0
  },
  "stored_threshold_metrics": {
    "best_f1": {
      "threshold": 0.2970518353910392,
      "accuracy": 2.2560122727067635e-05,
      "balanced_accuracy": 0.5,
      "precision": 2.2560122727067635e-05,
      "recall": 1.0,
      "f1": 4.5119227558824194e-05,
      "specificity": 0.0,
      "fpr": 1.0,
      "fnr": 0.0,
      "tp": 1,
      "fp": 44325,
      "tn": 0,
      "fn": 0
    },
    "fpr_cap_0.02": {
      "threshold": 0.14610684251303227,
      "accuracy": 2.2560122727067635e-05,
      "balanced_accuracy": 0.5,
      "precision": 2.2560122727067635e-05,
      "recall": 1.0,
      "f1": 4.5119227558824194e-05,
      "specificity": 0.0,
      "fpr": 1.0,
      "fnr": 0.0,
      "tp": 1,
      "fp": 44325,
      "tn": 0,
      "fn": 0
    },
    "recall_target_0.95": {
      "threshold": 0.7551697518232626,
      "accuracy": 2.2560122727067635e-05,
      "balanced_accuracy": 0.5,
      "precision": 2.2560122727067635e-05,
      "recall": 1.0,
      "f1": 4.5119227558824194e-05,
      "specificity": 0.0,
      "fpr": 1.0,
      "fnr": 0.0,
      "tp": 1,
      "fp": 44325,
      "tn": 0,
      "fn": 0
    }
  },
  "external_fpr_threshold_metrics": {
    "fpr_0.005": {
      "threshold": 0.99313253787133,
      "accuracy": 0.994991652754591,
      "balanced_accuracy": 0.9974957698815567,
      "precision": 0.004484304932735426,
      "recall": 1.0,
      "f1": 0.008928571428571428,
      "specificity": 0.9949915397631134,
      "fpr": 0.005008460236886633,
      "fnr": 0.0,
      "tp": 1,
      "fp": 222,
      "tn": 44103,
      "fn": 0
    },
    "fpr_0.010": {
      "threshold": 0.9919108624107783,
      "accuracy": 0.989983305509182,
      "balanced_accuracy": 0.9949915397631134,
      "precision": 0.0022471910112359553,
      "recall": 1.0,
      "f1": 0.004484304932735426,
      "specificity": 0.9899830795262268,
      "fpr": 0.010016920473773266,
      "fnr": 0.0,
      "tp": 1,
      "fp": 444,
      "tn": 43881,
      "fn": 0
    },
    "fpr_0.020": {
      "threshold": 0.9905659367812895,
      "accuracy": 0.979628209177458,
      "balanced_accuracy": 0.9898138747884941,
      "precision": 0.0011061946902654867,
      "recall": 1.0,
      "f1": 0.002209944751381215,
      "specificity": 0.9796277495769882,
      "fpr": 0.020372250423011846,
      "fnr": 0.0,
      "tp": 1,
      "fp": 903,
      "tn": 43422,
      "fn": 0
    },
    "fpr_0.050": {
      "threshold": 0.9883393940621953,
      "accuracy": 0.9499390876686369,
      "balanced_accuracy": 0.9749689791314157,
      "precision": 0.00045045045045045046,
      "recall": 1.0,
      "f1": 0.0009004952723998198,
      "specificity": 0.9499379582628313,
      "fpr": 0.05006204173716864,
      "fnr": 0.0,
      "tp": 1,
      "fp": 2219,
      "tn": 42106,
      "fn": 0
    }
  }
}