{
  "created_at": "2026-04-08T10:43:10.041166",
  "scenario": "aggressive",
  "model_path": "D:\\ML_Detection_Extension\\prototype1_tower_a\\backend\\artifacts\\model_lr.joblib",
  "n_rows": 53191,
  "label_counts": {
    "0": 53190,
    "1": 1
  },
  "roc_auc": 1.0,
  "pr_auc": 1.0,
  "model_feature_count": 35,
  "benign_score_stats": {
    "mean": 0.9466826996728892,
    "std": 0.024896263171303376,
    "min": 0.7966446891454028,
    "max": 0.9988411295986623,
    "p01": 0.88132935757209,
    "p05": 0.9049541014370313,
    "p10": 0.9156810031872453,
    "p25": 0.9314552498307915,
    "p50": 0.9465236080487345,
    "p75": 0.9614976175995595,
    "p90": 0.9838173920827522,
    "p95": 0.987681901312487,
    "p99": 0.9914604711709208
  },
  "phish_score_stats": {
    "mean": 1.0,
    "std": 0.0,
    "min": 1.0,
    "max": 1.0,
    "p01": 1.0,
    "p05": 1.0,
    "p10": 1.0,
    "p25": 1.0,
    "p50": 1.0,
    "p75": 1.0,
    "p90": 1.0,
    "p95": 1.0,
    "p99": 1.0
  },
  "stored_threshold_metrics": {
    "best_f1": {
      "threshold": 0.2970518353910392,
      "accuracy": 1.8800172961591246e-05,
      "balanced_accuracy": 0.5,
      "precision": 1.8800172961591246e-05,
      "recall": 1.0,
      "f1": 3.759963904346518e-05,
      "specificity": 0.0,
      "fpr": 1.0,
      "fnr": 0.0,
      "tp": 1,
      "fp": 53190,
      "tn": 0,
      "fn": 0
    },
    "fpr_cap_0.02": {
      "threshold": 0.14610684251303227,
      "accuracy": 1.8800172961591246e-05,
      "balanced_accuracy": 0.5,
      "precision": 1.8800172961591246e-05,
      "recall": 1.0,
      "f1": 3.759963904346518e-05,
      "specificity": 0.0,
      "fpr": 1.0,
      "fnr": 0.0,
      "tp": 1,
      "fp": 53190,
      "tn": 0,
      "fn": 0
    },
    "recall_target_0.95": {
      "threshold": 0.7551697518232626,
      "accuracy": 1.8800172961591246e-05,
      "balanced_accuracy": 0.5,
      "precision": 1.8800172961591246e-05,
      "recall": 1.0,
      "f1": 3.759963904346518e-05,
      "specificity": 0.0,
      "fpr": 1.0,
      "fnr": 0.0,
      "tp": 1,
      "fp": 53190,
      "tn": 0,
      "fn": 0
    }
  },
  "external_fpr_threshold_metrics": {
    "fpr_0.005": {
      "threshold": 0.9926656739959443,
      "accuracy": 0.9949991539922167,
      "balanced_accuracy": 0.9974995299868397,
      "precision": 0.003745318352059925,
      "recall": 1.0,
      "f1": 0.007462686567164179,
      "specificity": 0.9949990599736792,
      "fpr": 0.005000940026320737,
      "fnr": 0.0,
      "tp": 1,
      "fp": 266,
      "tn": 52924,
      "fn": 0
    },
    "fpr_0.010": {
      "threshold": 0.9914604711709208,
      "accuracy": 0.9899983079844334,
      "balanced_accuracy": 0.9949990599736793,
      "precision": 0.001876172607879925,
      "recall": 1.0,
      "f1": 0.0037453183520599247,
      "specificity": 0.9899981199473585,
      "fpr": 0.010001880052641474,
      "fnr": 0.0,
      "tp": 1,
      "fp": 532,
      "tn": 52658,
      "fn": 0
    },
    "fpr_0.020": {
      "threshold": 0.9902897344739411,
      "accuracy": 0.9797522137203662,
      "balanced_accuracy": 0.9898759165256628,
      "precision": 0.0009276437847866419,
      "recall": 1.0,
      "f1": 0.0018535681186283594,
      "specificity": 0.9797518330513254,
      "fpr": 0.020248166948674564,
      "fnr": 0.0,
      "tp": 1,
      "fp": 1077,
      "tn": 52113,
      "fn": 0
    },
    "fpr_0.050": {
      "threshold": 0.987681901312487,
      "accuracy": 0.9498411385384745,
      "balanced_accuracy": 0.9749200977627374,
      "precision": 0.0003746721618583739,
      "recall": 1.0,
      "f1": 0.000749063670411985,
      "specificity": 0.9498401955254747,
      "fpr": 0.05015980447452529,
      "fnr": 0.0,
      "tp": 1,
      "fp": 2668,
      "tn": 50522,
      "fn": 0
    }
  }
}