{
  "best_f1": 0.2970518353910392,
  "fpr_cap_0.02": 0.14610684251303227,
  "recall_target_0.95": 0.7551697518232626,
  "params": {
    "fpr_cap": 0.02,
    "recall_target": 0.95
  },
  "selected_on": "val",
  "split_basis": "etld1"
}