{
  "created_at_utc": "2026-04-08T08:43:52.618190+00:00",
  "model": "logistic_regression",
  "feature_set_id": "AE_v1",
  "n_features": 35,
  "seed": 42,
  "split": "etld1",
  "train_rows": 71715,
  "val_rows": 11035,
  "test_rows": 9916,
  "lr_params": {
    "solver": "lbfgs",
    "max_iter": 4000,
    "random_state": 42
  },
  "thresholds": {
    "best_f1": 0.2970518353910392,
    "fpr_cap_0.02": 0.14610684251303227,
    "recall_target_0.95": 0.7551697518232626,
    "params": {
      "fpr_cap": 0.02,
      "recall_target": 0.95
    },
    "selected_on": "val",
    "split_basis": "etld1"
  },
  "test_metrics": {
    "best_f1": {
      "threshold": 0.2970518353910392,
      "roc_auc": 0.9795419253556353,
      "pr_auc": 0.9744318822738446,
      "precision": 0.9809626436781609,
      "recall": 0.9076105018278497,
      "f1": 0.9428620749180044,
      "accuracy": 0.9666196046793062,
      "balanced_accuracy": 0.9499685634953641,
      "specificity": 0.9923266251628783,
      "fpr": 0.007673374837121761,
      "fnr": 0.09238949817215021,
      "tp": 2731,
      "fp": 53,
      "tn": 6854,
      "fn": 278
    },
    "fpr_cap_0.02": {
      "threshold": 0.14610684251303227,
      "roc_auc": 0.9795419253556353,
      "pr_auc": 0.9744318822738446,
      "precision": 0.9463381707728653,
      "recall": 0.9318710535061482,
      "f1": 0.9390488948425988,
      "accuracy": 0.963291649858814,
      "balanced_accuracy": 0.9544254644973915,
      "specificity": 0.9769798754886347,
      "fpr": 0.023020124511365283,
      "fnr": 0.06812894649385177,
      "tp": 2804,
      "fp": 159,
      "tn": 6748,
      "fn": 205
    },
    "recall_target_0.95": {
      "threshold": 0.7551697518232626,
      "roc_auc": 0.9795419253556353,
      "pr_auc": 0.9744318822738446,
      "precision": 0.991941391941392,
      "recall": 0.899966766367564,
      "f1": 0.9437184178428297,
      "accuracy": 0.9674263816054861,
      "balanced_accuracy": 0.948390795953436,
      "specificity": 0.996814825539308,
      "fpr": 0.0031851744606920516,
      "fnr": 0.10003323363243602,
      "tp": 2708,
      "fp": 22,
      "tn": 6885,
      "fn": 301
    }
  }
}